{"cameraMode":{"drawMode":0,"name":"Shaded","section":"Shading Mode"},"sceneLighting":false,"audioPlay":false,"sceneViewState":{"showFog":true,"showMaterialUpdate":false,"showSkybox":false,"showFlares":true,"showImageEffects":true,"showParticleSystems":true,"showVisualEffectGraphs":true,"m_FxEnabled":true},"in2DMode":false,"pivot":{"x":168.2899932861328,"y":17.229999542236329,"z":0.7779998779296875},"rotation":{"x":-0.15812207758426667,"y":0.15540765225887299,"z":-0.02520850859582424,"w":-0.9747961163520813},"size":5.5421247482299809,"orthographic":false}