{"cameraMode":{"drawMode":0,"name":"Shaded","section":"Shading Mode"},"sceneLighting":false,"audioPlay":false,"sceneViewState":{"showFog":true,"showMaterialUpdate":false,"showSkybox":false,"showFlares":true,"showImageEffects":true,"showParticleSystems":true,"showVisualEffectGraphs":true,"m_FxEnabled":false},"in2DMode":false,"pivot":{"x":-40.838619232177737,"y":19.36766815185547,"z":4.306597709655762},"rotation":{"x":0.016819920390844346,"y":0.8130722045898438,"z":-0.024108851328492166,"w":0.5817382335662842},"size":1.0325582027435303,"orthographic":false}