{"cameraMode":{"drawMode":0,"name":"Shaded","section":"Shading Mode"},"sceneLighting":false,"audioPlay":false,"sceneViewState":{"showFog":true,"showMaterialUpdate":false,"showSkybox":false,"showFlares":true,"showImageEffects":true,"showParticleSystems":true,"showVisualEffectGraphs":true,"m_FxEnabled":true},"in2DMode":false,"pivot":{"x":-0.2874809503555298,"y":1.296800136566162,"z":0.030635535717010499},"rotation":{"x":0.0033194206189364197,"y":0.9956808686256409,"z":-0.08533402532339096,"w":0.03763783350586891},"size":0.8660253882408142,"orthographic":false}