{"cameraMode":{"drawMode":0,"name":"Shaded","section":"Shading Mode"},"sceneLighting":false,"audioPlay":false,"sceneViewState":{"showFog":true,"showMaterialUpdate":false,"showSkybox":false,"showFlares":true,"showImageEffects":true,"showParticleSystems":true,"showVisualEffectGraphs":true,"m_FxEnabled":true},"in2DMode":false,"pivot":{"x":2.6924514770507814,"y":1.7789716720581055,"z":-2.1147029399871828},"rotation":{"x":-0.15812207758426667,"y":0.15540765225887299,"z":-0.02520850859582424,"w":-0.9747961163520813},"size":0.8660253882408142,"orthographic":false}