{"cameraMode":{"drawMode":0,"name":"Shaded","section":"Shading Mode"},"sceneLighting":false,"audioPlay":false,"sceneViewState":{"showFog":true,"showMaterialUpdate":false,"showSkybox":false,"showFlares":true,"showImageEffects":true,"showParticleSystems":true,"showVisualEffectGraphs":true,"m_FxEnabled":true},"in2DMode":false,"pivot":{"x":-0.000003814697265625,"y":0.9121440649032593,"z":0.0000019073486328125},"rotation":{"x":-0.1464577615261078,"y":0.43104666471481326,"z":-0.07104166597127915,"w":-0.8875660300254822},"size":1.190315842628479,"orthographic":false}