{"cameraMode":{"drawMode":0,"name":"Shaded","section":"Shading Mode"},"sceneLighting":true,"audioPlay":false,"sceneViewState":{"showFog":true,"showMaterialUpdate":false,"showSkybox":true,"showFlares":true,"showImageEffects":true,"showParticleSystems":true,"showVisualEffectGraphs":true,"m_FxEnabled":true},"in2DMode":false,"pivot":{"x":18.736799240112306,"y":19.745323181152345,"z":9.291706085205079},"rotation":{"x":0.011460975743830204,"y":-0.6967746019363403,"z":0.011162519454956055,"w":0.7171320915222168},"size":10.899999618530274,"orthographic":false}