{"cameraMode":{"drawMode":0,"name":"Shaded","section":"Shading Mode"},"sceneLighting":false,"audioPlay":false,"sceneViewState":{"showFog":true,"showMaterialUpdate":false,"showSkybox":false,"showFlares":true,"showImageEffects":true,"showParticleSystems":true,"showVisualEffectGraphs":true,"m_FxEnabled":true},"in2DMode":false,"pivot":{"x":-40.89192199707031,"y":19.36766815185547,"z":4.171573162078857},"rotation":{"x":0.034269556403160098,"y":0.11368603259325028,"z":-0.003923108335584402,"w":0.9929205775260925},"size":1.6050969362258912,"orthographic":false}