{"cameraMode":{"drawMode":0,"name":"Shaded","section":"Shading Mode"},"sceneLighting":false,"audioPlay":false,"sceneViewState":{"showFog":true,"showMaterialUpdate":false,"showSkybox":false,"showFlares":true,"showImageEffects":true,"showParticleSystems":true,"showVisualEffectGraphs":true,"m_FxEnabled":true},"in2DMode":false,"pivot":{"x":164.86073303222657,"y":19.256208419799806,"z":11.225183486938477},"rotation":{"x":0.0033194206189364197,"y":0.9956808686256409,"z":-0.08533402532339096,"w":0.03763783350586891},"size":1.7649409770965577,"orthographic":false}