{"cameraMode":{"drawMode":0,"name":"Shaded","section":"Shading Mode"},"sceneLighting":false,"audioPlay":false,"sceneViewState":{"showFog":true,"showMaterialUpdate":false,"showSkybox":false,"showFlares":true,"showImageEffects":true,"showParticleSystems":true,"showVisualEffectGraphs":true,"m_FxEnabled":true},"in2DMode":false,"pivot":{"x":-5.065293788909912,"y":3.8149404525756838,"z":0.23088836669921876},"rotation":{"x":-0.08240195363759995,"y":0.010464088059961796,"z":0.0008652425603941083,"w":0.9965442419052124},"size":5.232175350189209,"orthographic":false}