{"cameraMode":{"drawMode":0,"name":"Shaded","section":"Shading Mode"},"sceneLighting":false,"audioPlay":false,"sceneViewState":{"showFog":true,"showMaterialUpdate":false,"showSkybox":false,"showFlares":true,"showImageEffects":true,"showParticleSystems":true,"showVisualEffectGraphs":true,"m_FxEnabled":true},"in2DMode":false,"pivot":{"x":2.842503547668457,"y":0.8076499700546265,"z":38.946998596191409},"rotation":{"x":0.019256703555583955,"y":-0.9328378438949585,"z":0.05042174085974693,"w":0.3562403917312622},"size":1.4046043157577515,"orthographic":false}